Model,Correlation,Mean_Abs_Diff,Significant_Items,Avg_Cohens_d
LLM,0.7082327628738428,0.7050397644911256,36/50,0.611315409332311
