Trait,Avg_Wasserstein,Avg_JS_divergence,Avg_Chi_sq,Highest_mismatch_item
Extraversion,0.8927746995723179,0.22040472385543178,80.60748068947615,item_11
Agreeableness,0.9354041156679989,0.2631107964155361,100.60191237827517,item_32
Conscientiousness,1.0705772214729319,0.30585610312988687,135.37750130089313,item_13
Neuroticism,1.0762345373620064,0.274502270151745,117.50006620553907,item_9
Openness,0.909526430264355,0.21922167378549284,89.69794094072545,item_10
