Model,Mean inter-item correlation,Matrix_similarity,Alpha_Extraversion,Alpha_Agreeableness,Alpha_Conscientiousness,Alpha_Neuroticism,Alpha_Openness
Human,0.02649693551195057,1.0,0.15919375714490067,0.02664826980979745,0.04138111036797374,-0.18832689514923168,0.23389556671694067
gemini-2.5-flash-lite,0.009323260194074395,,-0.15496935784705557,-3.1684844960417218,-0.5851311700056471,-2.8366537288856315,0.24239612252314735
gemini-2.5-flash,0.025095832453409617,,-0.005734283804356021,0.052645997149926266,-0.4578946497645683,-0.18569537015115029,-0.23321325065300455
gemini-3-flash-preview,0.01466715316536699,,0.18013130339725453,-0.15022820736250683,0.17338478775052876,0.35584547611350786,-0.15335358013717512
gemini-3.1-flash-lite-preview,0.011924220403365167,,0.21846907622872325,0.21353870451380413,0.13602099868832665,-0.5143990566052787,0.03807883329027077
