Trait,Human_Mean,Human_SD,LLM_Mean,LLM_SD,Mean_Diff,t_statistic,p_value,Cohens_d
Extraversion,2.936578570529835,0.2939680668781295,3.03,0.157797338380595,0.09342142947016496,2.247109515202352,0.02463346259850944,0.31780514201212084
Agreeableness,3.2517736063095284,0.2971924330776104,3.2079999999999997,0.16473008225579197,-0.043773606309528645,-1.041482682424605,0.2976520891868424,-0.14729524731744584
Conscientiousness,3.384879459479971,0.3060594132764583,3.1079999999999997,0.11285388783732707,-0.2768794594799715,-6.3968502459444725,1.5875381202007634e-10,-0.9046964053550308
Neuroticism,2.68642668408218,0.3372005307801118,2.7159999999999997,0.1527874340382742,0.02957331591781953,0.6201424435168725,0.5351642930369814,0.0877057642256817
Openness,3.303244837758112,0.3369943079699735,3.352,0.12998461447417534,0.048755162241887806,1.0230078100341078,0.3063046473476598,0.1446823753572694
