Model,Correlation,Mean_Abs_Diff,Significant_Items,Avg_Cohens_d
LLM,0.44189894462830975,0.7050397644911254,36/50,0.611315409332311
