Source,Mean_inter_item_cor,Alpha_Extraversion,Alpha_Agreeableness,Alpha_Conscientiousness,Alpha_Neuroticism,Alpha_Openness,Matrix_correlation,Factor_congruence
Human,0.08079874827984593,0.33146375302912795,0.38815954497183747,0.2227810124547964,0.3064841673894794,0.41635340959491285,,
LLM,0.27679776449722343,0.6128907406142569,0.768822100789314,0.8205195030840067,0.7944494136354603,0.8690599173553719,,
